freq,x,y,z
0,0.05857,0.05857,0.05857
10,0.05857,0.05857,0.05857
50,0.003664,0.003664,0.003664
90,1.548E-4,1.548E-4,1.548E-4
530,1.548E-4,1.548E-4,1.548E-4
1940,3.693E-5,3.693E-5,3.693E-5